{
  "project_info": {
    "project_number": "607546331706",
    "project_id": "passworddatabase-8eaf9",
    "storage_bucket": "passworddatabase-8eaf9.appspot.com"
  },
  "client": [
    {
      "client_info": {
        "mobilesdk_app_id": "1:607546331706:android:7aa22a09c4d34e805edb03",
        "android_client_info": {
          "package_name": "edu.utdallas.bpaloginpage"
        }
      },
      "oauth_client": [],
      "api_key": [
        {
          "current_key": "AIzaSyC0NcOWBWMkwlTMhKon95-b1C_zDG2r9RI"
        }
      ],
      "services": {
        "appinvite_service": {
          "other_platform_oauth_client": []
        }
      }
    },
    {
      "client_info": {
        "mobilesdk_app_id": "1:607546331706:android:41f437eceb42c1bf5edb03",
        "android_client_info": {
          "package_name": "edu.utdallas.bparegistration"
        }
      },
      "oauth_client": [],
      "api_key": [
        {
          "current_key": "AIzaSyC0NcOWBWMkwlTMhKon95-b1C_zDG2r9RI"
        }
      ],
      "services": {
        "appinvite_service": {
          "other_platform_oauth_client": []
        }
      }
    }
  ],
  "configuration_version": "1"
}